partner,course name,course description,Skills,coursera link,module 1 name,module 1 description,module 2 name,module 2 description,module 3 name,module 3 description,module 4 name,module 4 description,module 5 name,module 5 description
University of Pennsylvania,Improving Communication Skills,,"Rapport Building, Interpersonal Communications, Trustworthiness, Communication Strategies, Communication, Strategic Communication, Negotiation, Verbal Communication Skills, Competitive Analysis, Non-Verbal Communication, Cooperation, Goal Setting, Relationship BuildingPersuasive CommunicationBusiness CommunicationActive Listening",https://www.coursera.org/learn/wharton-communication-skills,"Cooperation, Competition and Comparisons","In this module, you'll learn when to compete and when to cooperate to achieve success. You’ll explore the three key principles of cooperation and competition: scarcity, sociability and dynamic instability, and learn how to determine which approach to use based on your situation. You'll also discover how to use comparisons to provide motivation, and how to avoid ""invidious"" comparisons which can lead to discouragement or unethical behavior. By the end of this module, you'll be able to attain a better balance between competitive motivation and cooperative satisfaction to make your interactions more productive and successful.",Trust,"In this module, you'll explore how to gain and built trust to develop cooperation, and understand why this critical step can be so challenging. You'll examine the factors that develop a trusting relationship: demonstrating vulnerability, building rapport, and expressing warmth, and learn how to increase trust by uncovering common goals, common enemies, and interdependence. You'll also learn how to communicate with team members, friends, and opponents in a way that encourages trust. By the end of this module, you’ll understand how to build trusting relationships to achieve cooperation and mutual satisfaction.",Deception,"In this module, you’ll learn what deception is, how to detect it, and what to do once you know it's taken place. You'll examine the most common cues that indicate deception and explore practical steps to take when you discover deception. You'll also be able to evaluate deceptions and transgressions to determine whether they are core or non-core violations. Finally, you'll analyze the components of successful apologies, so you can create your own, if necessary. By the conclusion of this module, you'll be able to better detect deception, and devise an appropriate reaction that will help you achieve your objectives.",Effective Communication,"This module was designed to teach you both the key principles of effective communication, and how to harness the power of setting goals to improve your performance. You’ll learn how to create memorable and persuasive messages, ask thoughtful questions, engage in active listening, and choose the right medium (face-to-face conversation, video conference, phone call, or email) for your messages. You'll also learn the how to use goal setting for maximum benefit while avoiding the common pitfalls of overly ambitious targets. By the end of this module, you'll be able to communicate effectively using the right medium, and use goal-setting to increase your productivity and boost your performance.",,
University of Boulder Colorado,Business Writing,"Writing well is one of the most important skills you can develop to be successful in the business world. Over seventy companies and thirty thousand students--from professional writers to new employees to non-native English speakers to seasoned executives--have used the techniques in Business Writing to power their ability to communicate and launch their ideas. This course will teach you how to apply the top ten principles of good business writing to your work, how to deploy simple tools to  dramatically improve your writing, and how to execute organization, structure, and revision to communicate more masterfully than ever. From the very first lesson, you'll be able to apply your new learning immediately to your work and improve your writing today. Your ideas are powerful. Learn how to deliver them with the clarity and impact they deserve. 

""Thank you for giving me the knowledge I need in life. [Business Writing] was helpful, life changing, and has made a huge     impact in my writing.""  -- Message from a Business Writing student

The principles you'll learn in this course enable you to become a great business writer. They also provide the foundation for moving into Graphic Design and Successful Presentation, so that you can unleash your best professional self whenever--and however--you present your ideas in the workplace.","Organizational Skills, Communication, Communication Strategies, Verbal Communication Skills, Business Correspondence, Writing, Business Writing, Writing and Editing, Business Communication, Editing, Proofreading, Organizational Strategy, Concision, Persuasive Communication, Grammar",https://www.coursera.org/learn/writing-for-business?specialization=business-communication,Building Great Business Writing,"The first lesson in this module introduces the Effective Communication specialization, the capstone project, and the Business Writing course. You'll meet the writing instructor, Dr. Quentin McAndrew, and her counterparts Dave Underwood and Professor William Kuskin, who teach Graphic Design and Successful Presentation. Dave and William join Quentin to offer insights into how writing, design, and presentation relate to a process of continuous personal branding that we call Effective Communication. In this module, you'll discover the simple principles that inform all great business writing and that serve as the foundation of this course. These lessons set the stage for the deeper exploration and specific techniques that follow, not just in Business Writing, but in Graphic Design and Successful Presentation as well. Let's get started!",The Formula for Writing Success,"Did you know that the most important element of good writing isn't good writing? It's good organization. If you haven't organized your documents for maximum effectiveness, you've wasted an opportunity to present your ideas--and yourself--with power. This module teaches you the universal organizational formula that allows you to optimize your business writing. You'll understand how the principles you learned in Module One build to this formula, and you'll see how a scaffold gets created and applied to a real business document. By the end of this module, you'll be able to wield your organizational knowledge in service of your ideas and personal brand, and you'll have built the foundation that allows you to generate powerful sentences in Module Three.",Crafting Powerful Writing,"In the first lesson of Module Three, we'll apply our writing principles and our scaffold to creating an actual memo. You'll see, step-by-step, how the scaffold guides the writing process to make it easier to create a forceful business document. You'll understand how to apply the scaffold to guide sentence and paragraph creation, and you'll have a chance to test and reinforce your new skills. The second lesson covers common grammatical errors that sap many writers' professional brands. Short videos explain each error, why each hurts your clarity, and how to correct your writing--even if you don't remember the grammar rule. You'll understand why these changes are important to your goal of Effective Communication and why it's important to eliminate these common missteps from your own writing.",Activate Your Voice!,"So, you've started to write a document . . . Module Four takes you beyond the scaffold and good grammar to provide you with specific tips that will elevate your language, infuse your writing with clarity, and amp up your ability to communicate your ideas effectively. Every lesson in this module is based on the principles you learned in Module One, and they form a checklist of techniques that you can apply to any business document to insure your ideas shine on the page. Short videos on emails and longer documents give you simple techniques for applying the lessons of this course to a broad range of your work.",,
Arizona State University,Strategic Thinking,"Planning will get you far, but only if you know what you’re planning for. To think strategically, you need to analyze insights and evaluate possible scenarios before building that strategy. It’s possible to eliminate some uncertainties and identify trends, but you need the right process. You’ll have to gain insights first, and then take a long look at what you have. With all the right information, you can start to make informed decisions about your next steps.

With the expertise of Dr. Timiebi Aganaba from the ASU School for the Future of Innovation in Society, the Strategic Thinking course will put the tools, knowledge and strategies to develop strategies directly into your hands. You’ll learn the fundamentals and get acquainted with your strategic toolkit. Then, you’ll directly apply them in hands-on scenarios.

Strategic thinking involves more than just coming up with a plan: You need to analyze the world around you. The trends and uncertainties that influence your situation will help you come to a decision and plan for scenarios ahead of time — skills that anyone can learn and apply anywhere. Take the next step of your strategic thinking journey today!","Strategic Thinking, Case Studies, Contingency Planning, Data-Driven Decision-Making, Market Intelligence, Strategic Prioritization, Analysis, Decision Making, Complex Problem Solving, Strategic Decision-Making, Systems Thinking, Strategic Planning, Business Strategy, Competitive Analysis, Performance Analysis, Trend Analysis",https://www.coursera.org/learn/strategicthinking,Welcome to Strategic Thinking!,,Scenario planning via case studies,,Outthinking potential problems,,Evaluating possible scenarios,,Developing Strategies,
Copenhagen Business School,Strategic Management,"The world of business strategy is in transition. What used to work doesn't anymore -- not necessarily. 

This course prepares you to think strategically in an age when companies like Apple, Google, and Microsoft have become more valuable (in market cap terms) than companies like Exxon. Today, business value and competitive advantage arise more often from consumer perceptions of what is ""cool"" than from physical assets or economies of scale. 

In this course -- the first of a three-course specialization tailored specifically for the age of creativity and innovation -- you will gear up for the challenges of strategy formulation and implementation in a 21st century business. 

After taking the course, you'll be able to:
- Explain why ""doing"" strategy is considered ""the high point of managerial activity"" (Mintzberg);
- Recognize and avoid the old, tired ideas about strategy that are still out there, so you can adopt fresher, better ideas;
- Point out how doing strategy has changed because of advancing technology and globalization;
- Prepare for the Capstone Project for the Strategic Management and Innovation Specialization","Strategic Thinking, Global Marketing, Business Strategies, Strategic Planning, Strategic Decision-Making, Business Transformation, Competitive Analysis, Case Studies, Strategic Leadership, Technology Strategies, Business Strategy, Market Dynamics",https://www.coursera.org/learn/strategic-management?specialization=strategic-management,A 21st century approach to business strategy,A short intro to the Course.,What is Strategy? And why do we care about it?,"Strategy can mean a lot of things. In this module, you'll encounter examples of strategy in action that demonstrate what people mean when they talk about strategy. After completion of the module, you'll be able to: Describe examples of strategy in action; Recognize ""strategic situations""; Explain the difference between strategy as ""position"" and strategy as ""capability"" (and why that matters)","The evolution of strategy... Past Progress, Past Mistakes","Historically, strategy consulting and strategic planning have been big business. Companies have spent a lot over the years on sophisticated, high-brow ""strategic"" consulting. For a long time, consultants were the strategy ""high-priests"" of business. Until it all fell apart. Many past approaches have now fallen into disfavor, having risen spectacularly and failed even more spectacularly. Indeed, the history of business strategy making could be called a ""March of Folly"" (historian Barbara Tuchman uses this expression to describe a tendency in human history to repeat the same mistakes, again and again). This module explores what the past can teach us, how we might avoid repeating past mistakes.","Changing World, Changing Strategies","In the past several decades, a lot has changed in the world. Many more people and nations (China, India, Russia, etc) have joined the global market economy. The number of Internet users has skyrocketed and continues dramatically upward. Shipping traffic between countries has multiplied and also continues to grow. All this world change has changed the strategy situation of most companies in a big way. It means, for example, that companies in advanced economies have to compete against rivals that have structural cost advantages, because they operate in lower cost parts of the world. This module describes the shifted and shifting strategy landscape, due to the advance of technology and the relentless march of globalization.",,
Northwestern,"High Performance Collaboration: Leadership, Teamwork, and Negotiation","Are leaders born or made?  Learn the essential skills to develop and expand your leadership repertoire,  design teams for collaboration, and craft win-win negotiation strategies. High Performance Collaboration: Leadership, Teamwork, and Negotiation focuses on leadership, teamwork, and negotiation. Students will engage in self-assessments to analyze their leadership style, develop team charters to optimize their groups, and develop a game plan for effective negotiation.

Recurring course sessions repeat every 2 weeks on Monday with an enrollment period of 5 days.","Personal Development, Leadership, Employee Coaching, Teamwork, Team Management, Collaboration, Team Building, Negotiation, Professional Development, People Development, Leadership and Management, Leadership Development, Decision Making, Organizational Leadership, Emotional Intelligence, Goal Setting",https://www.coursera.org/learn/leadership-collaboration,Introduction to Organizational Leadership Specliazation,This course is the first in Northwestern's Organizational Leadership Specialization which represents a collaboration between four of Northwestern’s schools. Watch these videos with four of Northwestern’s deans for their perspectives on leadership and what you will learn in the specialization.,Leadership,Learn how to cultivate your leadership skills and coach others,Teamwork,Learn how to optimally design a team for success.,Negotiation,Learn how to negotiate in a collaborative fashion in large and small business situations.,,
University of Colorado,Facilitating and Leading Cross-Functional Collaboration,"In this course, you will learn how to lead and facilitate an effective cross-functional collaboration. You will learn facilitation techniques, ways of structuring collaboration, tactics for turning a group of individuals into a team and selecting the right process for product development for co-located, distributed, and hybrid teams.

I will share the blueprints for facilitating workshops focused on key artifacts your team will need for proper alignment, developing a shared understanding of the product vision, goals, metrics, developing various product roadmaps, assigning roles within the team, creating collaboration space and selecting product development process.","Product Management, Empathy, Team Management, Continuous Improvement Process, Business Priorities, Leadership, Discussion Facilitation, Team Motivation, Cross-Functional Collaboration, Conflict Management, Goal Setting, Team Building, Product Development, Collaboration, Meeting Facilitation, Cross-Functional Team Leadership, Product Roadmaps
",https://www.coursera.org/learn/facilitating-cross-functional-collaboration,Two key roles in cross functional collaboration,"Leader and a facilitator roles set the tone of cross-functional collaboration. They either help the team do their best thinking or they hinder the progress. In this module, you will learn the difference between being a leader and a facilitator. You will also learn how you can help the cross-functional team overcome the most common collaboration anti-patterns depending on the role you play.",Facilitator Crash Course,"Working with various leaders throughout the years, I have noticed that the skill of facilitation is grossly undervalued. Wouldn’t a leader want to know how to help a team do their best thinking or how to help the team get out of a gridlock of thoughts and ideas? A concept of servant leadership alludes to the idea that a leader is the one who helps unlock the talent, creativity and the potential of the team. Facilitation in that sense is a practical skill of serving others, helping teams find cohesion, come up with innovative solutions, challenge their own thinking and maximize customer value. In this module, you will learn how teams think so you can be prepared for the psychological depth and emotional range of working with groups of individuals. You will learn how to structure, organize, and facilitate three essential phases of any workshop: preparation, facilitation, and a follow-up.",Adding structure to collaboration,"Collaboration exists for a specific purpose - to deliver desired business outcomes. Because of that, leadership always seeks to understand answers to the most common business questions - what the solution is, when it will be delivered, how much it will cost, and how much revenue it will generate. A cross-functional team must be aware of these questions and be ready to answer them or have a structured way of addressing them. In this module, you will learn ways of addressing these questions even early in the process when your team might not have an idea of what the solution will be yet. Collaboration without structure can quickly turn into chaos. To prevent this from happening, we need to address four things. First, remember what business outcomes we are trying to achieve. Second, add light structure and definition of roles and responsibilities. Third, understand how people inside and outside of the organization may impact your work, and lastly, be clear about the product vision, goal, and how we are going to deliver it. As you continue working though this module, you will learn how to address these four elements. By the end of the module, you will be equipped with tools and techniques for creating shared understanding and team alignment around the problem, vision, goals, success measures, and creating an objectives-based roadmap of the work ahead.",Turning a set of individuals into a team,"Every team goes through a variation of Bruce Tuckman’s forming-storming-norming-performing journey. The pace with which people travel through that journey varies greatly, but most importantly, we can assist a set of individuals in becoming a true team. In this module, you will learn tools and techniques that will help expedite team bonding by cultivating empathy, proactively discussing common values, working agreements, bringing potential conflicts out in the open early in the collaboration process, creating collaboration space and enabling a culture of continuous improvement in co-located and distributed teams.",Process strategy for cross functional team,"So far we discussed interpersonal team dynamics, roles and team structure, and how to align team members around the product vision, goals and product delivery. The last topic of discussion is the team process. Or, in other words, how exactly the team will be delivering its work. By the end of the module, you will learn what key principles you should consider as you assist the team with finding the right process for them in the context of product development lifecycle."
"University of California, Irvine",Effective Problem-Solving and Decision-Making,"Problem-solving and effective decision-making are essential skills in today’s fast-paced and ever-changing workplace. Both require a systematic yet creative approach to address today’s business concerns. This course will teach an overarching process of how to identify problems to generate potential solutions and how to apply decision-making styles in order to implement and assess those solutions. Through this process, you will gain confidence in assessing problems accurately, selecting the appropriate decision-making approaches for the situation at hand, making team decisions, and measuring the success of the solution’s implementation. Using case studies and situations encountered by class members, you will explore proven, successful problem-solving and decision-making models and methods that can be readily transferred to workplace projects. You will also learn to utilize frameworks like Root Cause Analysis and Decision Matrix tools.

This course is for business professionals, managers, and team leaders seeking to enhance their strategic thinking and problem-solving skills.

Upon completing this course, you will be able to:
1. Identify key terms, styles, and approaches to effective problem-solving and decision-making.
2. Explain how organizational decisions impact personal development, team dynamics, and company performance.
3. Reflect on how mindset and personal bias influence your ability to solve problems and make decisions.
4. Articulate how team decisions can benefit your professional growth and organizational strategy.

To be successful in this course, you should have a basic understanding of business operations and team collaboration.","Open Mindset, Team Management, Organizational Strategy, Performance Metric, Collaboration",https://www.coursera.org/learn/problem-solving,Identifying the problem,"Problem-solving is an essential skill in today's fast-paced workplace, requiring a systematic approach with effective decision-making. This course will guide you through identifying problems, generating solutions, and implementing them. In this foundational module, you'll learn to identify problems using a root cause approach and address common business problem parameters. We'll use a case scenario to illustrate each step. By the end, you'll be able to accurately define complex problems. Tip: Focus on understanding the core problem before jumping to solutions.",Generate Solutions,"
In the previous module, you learned to identify the root cause of a problem. Now, you'll discover how mindset and personal bias can limit creative problem-solving in the workplace. This module will explore various problem-solving styles and creativity enhancement approaches to help you generate unique solutions, even with constraints. By the end, you'll be able to apply creative techniques to complex challenges. Tip: Engage actively with the brainstorming exercises to maximize your learning!",Make the decision,"After generating creative solutions in the last module, it's time to make the best decision. In this module, you will explore various decision-making styles and learn how to choose the most effective approach for different problems, considering their unique affordances and limitations. We'll also share practical tips for making better decisions and highlight common pitfalls to avoid. By the end, you'll be able to confidently select optimal solutions. Tip: Reflect on past decisions to apply new strategies effectively.",Implement and assess the solution,"Having made your decision in the previous module, it's now time to implement and assess your chosen solution. This module will guide you through reviewing situational variables that might impact implementation and defining clear performance metrics and Key Performance Indicators (KPIs) to measure the solution's impact on your organization. You'll learn to track both quantitative and qualitative data to ensure success. By the end, you'll be able to effectively launch and evaluate solutions. Tip: Pay close attention to defining measurable outcomes for your projects.",,
Johns Hopkins University,Fundamentals of Project Management,"Fundamentals of Project Management offers a comprehensive introduction to the key principles and practices necessary to lead successful projects. You will learn how to navigate each phase of the project lifecycle, from initiation and planning to execution and closure. This course provides hands-on experience with essential tools like Work Breakdown Structures (WBS), scheduling, budgeting, and critical path analysis.

What makes this course unique is its practical focus, exemplified through real-world scenarios like the PickPOCIT case study, where you'll apply your knowledge to simulate the role of a project manager. Whether you're new to project management or seeking to enhance your skills, this course equips you with the strategies and confidence needed to deliver projects on time and within budget. By the end, you'll be prepared to handle complex project challenges and drive successful outcomes in any industry.","Work Breakdown Structure, Project Management, Project Estimation, Team Management, Budgeting, Project Schedules, Project Management Life Cycles, Project Planning, Scheduling ",https://www.coursera.org/learn/fundamentals-project-management,Course Introduction,"In this course, you'll gain a foundational understanding of project management, exploring the concepts, processes, and functions essential for successful project execution. You'll learn what it takes to manage a project from initiation to completion, including key skills needed to be an effective project manager. This course will set clear expectations for student performance, ensuring you are well-prepared to meet the demands of project management in any professional environment.",Introduction to Project Management,"In this module, you'll gain a solid understanding of the fundamentals of project management, including key concepts, processes, and essential skills necessary for successful project execution.","Project Lifecycle: Initiation, Staffing and Planning","In this module, you'll explore the critical role of the Project Manager (PjM) throughout each phase of a project. You'll examine the distinct characteristics, authority, and responsibilities that define a PjM. Additionally, the module will contrast the role of a project manager with that of a functional manager within a matrix organization. Emphasis will be placed on practical application through team-based exercises focused on the PickPOCIT scenario.",Statement of Work: Work Breakdown Structure,"In this module, you'll focus on essential project planning techniques, including writing a Statement of Work (SOW) and applying hierarchical decomposition to project tasks. You'll learn to create and utilize various forms of a Work Breakdown Structure (WBS), identify common pitfalls in WBS development, and apply best practices to prepare a comprehensive WBS for your project.","Scheduling; Estimation, Resources and Budget, Finance and Contracts","In this module, you'll learn how to schedule Work Breakdown Structure (WBS) elements, estimate time and budget, and perform critical path analysis. The module covers the preparation and analysis of project work schedules, budgeting processes, common pitfalls in budget estimation, and appropriate contract structures."
Microsoft,Project Management Fundamentals,"The Project Management Fundamentals course provides a comprehensive overview of essential concepts and skills behind project management, leading you through the role of a project manager. There is a focus on the processes and methodologies used to ensure effective project management as well as different approaches to ensure smooth planning and execution to realize business goals.

After completing this course, you’ll be able to:  
•        Describe the basic concepts and principles of project management
•        Identify and analyze the different approaches taken to project planning
•        Discuss the value and benefits that a project management office (PMO) can bring to an organization

This is a great way to prepare for the industry-recognized PMI® Authorized PMP® Exam, a global standard in project management certification.","Stakeholder Analysis, Project Management Life Cycle, Stakeholder Management, Project Implementation, Project Planning, Organizational Structure, Project Management, Project Management Office (PMO), Project Management Institute (PMI) Methodology, Project Closure",https://www.coursera.org/learn/project-management-fundamentals-microsoft,Introduction to project management,"In this module, you will review the pivotal role of a project manager, exploring the responsibilities and skills required to navigate the complexities of project execution. You will then review the foundational principles that guide project management practices, providing you with a solid understanding of the core concepts that drive successful project outcomes.

",Project delivery process groups,"In this module, you will develop the skills to identify and describe the five project management process groups. You will learn how the 49 processes integrate with process groups and be introduced to the concept of analyzing problems so that you can suggest good solutions and contribute to making smart decisions.",Project delivery components,"As you work your way through this module, you will focus on the people involved in a business project and learn how to identify their interests, expectations and how much they can influence the project.",,,,